feature1,feature2,target
-1.7262826023316769,A,1
-1.7262826023316769,B,1
-1.7262826023316769,A,0
-0.6069102780219329,A,1
-1.7262826023316769,B,0
0.3215032174391051,A,1
-1.7262826023316769,B,0
-1.7262826023316769,A,1
-1.7262826023316769,A,0
-0.2557592285370428,B,1
