feature1,feature2,target
0.27994533403480243,A,0.6855536295257217
0.006644432239474238,B,0.24349043849520507
0.004290748054451424,B,0.24349043849520507
0.27994533403480243,A,0.6855536295257217
0.27994533403480243,B,0.6551282510206793
0.27994533403480243,B,0.6551282510206793
0.004290748054451424,A,0.377634567901459
-0.13404215378933548,A,0.33580397978705545
-0.13404215378933548,B,0.20165985038080145
-0.13404215378933548,A,0.33580397978705545
